<?xml version="1.0" encoding="UTF-8"?>
<!DOCTYPE mapper PUBLIC "-//mybatis.org//DTD Mapper 3.0//EN" "http://mybatis.org/dtd/mybatis-3-mapper.dtd">

<mapper namespace="com.ssafy.happyhouse.mapper.HouseMapper">

	<select id="getDongName" parameterType="String"
		resultType="SidoGugunCode">
		SELECT dongcode sidoCode, city sidoName, gugun gugunCode, dong gugunName
		FROM dongcode WHERE dong like concat('%', #{keyword}, '%') ORDER BY
		dongcode
	</select>

	<select id="getAptName" parameterType="String"
		resultType="HouseInfo">
		SELECT H.AptName aptName, S.city lat, S.gugun lng, D.dong dong, D.dongcode code, H.no no
		FROM happyhouse.houseinfo H, happyhouse.dongcode D,
		(select distinct left(dongcode, 5) code, city, gugun from dongcode) S
		where H.AptName like concat('%', #{keyword}, '%')
		and H.code = S.code
		and H.dong = D.dong
		order by H.AptName
	</select>

	<select id="getSido" resultType="SidoGugunCode">
		SELECT left(sido_code, 2) sidoCode, sido_name sidoName FROM sidocode ORDER
		BY sido_code
	</select>

	<select id="getGugunInSido" parameterType="String"
		resultType="SidoGugunCode">
		SELECT left(gugun_code,5) gugunCode, gugun_name gugunName FROM guguncode
		WHERE left(gugun_code, 2) = #{sido}
	</select>

	<select id="getDongInGugun" parameterType="String"
		resultType="SidoGugunCode">
		SELECT distinct dong gugunName, code gugunCode FROM
		houseinfo WHERE code = #{gugun} ORDER BY dong
	</select>

	<select id="getAptInDong" parameterType="String"
		resultType="HouseInfo">
		SELECT * FROM houseinfo WHERE dong = #{dong} ORDER BY
		AptName;
	</select>

	<select id="selectAll" parameterType="String"
		resultType="HouseInfo">
		SELECT * FROM houseinfo ORDER BY no limit 30
	</select>

	<select id="search" parameterType="String"
		resultType="HouseInfo">
		SELECT * FROM houseinfo where dong = #{dong} and AptName
		like concat('%', #{aptName}, '%') ORDER BY code
	</select>

	<select id="detail" parameterType="String"
		resultType="HouseDeal">
		SELECT * FROM housedeal where dong = #{dong} and AptName =
		#{aptName} limit 10
	</select>

	<select id="findAddress" parameterType="String"
		resultType="String">
		SELECT concat(city, ' ', gugun, ' ', dong) address FROM happyhouse.dongcode
		where dongcode = #{code}
	</select>

	<select id="listByDong" parameterType="String"
		resultType="HouseDeal">
		select d.AptName AptName, min(d.dealAmount) dealAmount, i.lat floor, i.lng
		area, concat(c.city, ' ', c.gugun, ' ', c.dong) jibun
		from housedeal d, houseinfo i, dongcode c
		where c.dongcode=#{dong} and d.code = left(c.dongcode, 5) and d.dong =
		c.dong
		and d.dong = i.dong and d.AptName = i.AptName
		group by d.AptName;
	</select>
	
	<select id="houseInfo" parameterType="String"
		resultType="houseInfo">
		select * from houseinfo where no = #{no}
	</select>
	
	<select id="makeAddress" parameterType="HouseInfo"
		resultType="HouseInfo">
		select dongcode code, concat(city, ' ', gugun, ' ', dong) dong from dongcode where dong = #{dong} and left(dongcode, 5) = #{code};
	</select>

</mapper>